{
	"info": {
		"_postman_id": "be943fe3-343d-4718-8189-b6ba284e0696",
		"name": "Api",
		"schema": "https://schema.getpostman.com/json/collection/v2.1.0/collection.json"
	},
	"item": [
		{
			"name": "upload",
			"item": [
				{
					"name": "Single file upload",
					"event": [
						{
							"listen": "prerequest",
							"script": {
								"exec": [
									""
								],
								"type": "text/javascript"
							}
						}
					],
					"request": {
						"auth": {
							"type": "bearer",
							"bearer": [
								{
									"key": "token",
									"value": "{{ACCESS_TOKEN}}",
									"type": "string"
								}
							]
						},
						"method": "POST",
						"header": [
							{
								"key": "Authorization",
								"value": "barer eyJhbGciOiJIUzI1NiIsInR5cCI6IkpXVCJ9.eyJpZCI6IjVlYjQzYTU3ZmE3NmRhNDdiY2VhMjE5NSIsImlhdCI6MTU4OTAxNzA4M30.H6dT5wgIrQpgxM9FMbo6x96jIHA-N9cGg9uWTr0XATM",
								"type": "text"
							}
						],
						"body": {
							"mode": "formdata",
							"formdata": [
								{
									"key": "files",
									"type": "file",
									"src": "/C:/Users/SSC/Desktop/bettinginda/pic.jpg"
								},
								{
									"key": "isMultiple",
									"value": "false",
									"type": "text"
								}
							]
						},
						"url": {
							"raw": "https://humblenew.herokuapp.com/upload",
							"protocol": "https",
							"host": [
								"humblenew",
								"herokuapp",
								"com"
							],
							"path": [
								"upload"
							]
						}
					},
					"response": []
				}
			]
		},
		{
			"name": "Id Verification",
			"item": [
				{
					"name": "Submit Id verification doc",
					"request": {
						"auth": {
							"type": "bearer",
							"bearer": [
								{
									"key": "token",
									"value": "{{ACCESS_TOKEN}}",
									"type": "string"
								}
							]
						},
						"method": "POST",
						"header": [],
						"body": {
							"mode": "graphql",
							"graphql": {
								"query": "mutation{\r\n  submitidverification(\r\n    first_name_as_id:\"mayank\",\r\n    last_name_as_id:\"sharma\",\r\n    photo_id_image:\"photo\",\r\n    doc_type:\"driver\",\r\n    remark:\"\"\r\n  )\r\n  {\r\n    id\r\n    user_id\r\n    first_name_as_id\r\n  }\r\n}",
								"variables": ""
							}
						},
						"url": {
							"raw": "{{HOST_URL}}",
							"host": [
								"{{HOST_URL}}"
							]
						}
					},
					"response": []
				},
				{
					"name": "Submit Id verification doc  for user",
					"request": {
						"auth": {
							"type": "bearer",
							"bearer": [
								{
									"key": "token",
									"value": "{{ACCESS_TOKEN}}",
									"type": "string"
								}
							]
						},
						"method": "POST",
						"header": [],
						"body": {
							"mode": "graphql",
							"graphql": {
								"query": "mutation{\r\n  submitidverification(\r\n    first_name_as_id:\"mayank\",\r\n    last_name_as_id:\"sharma\",\r\n    photo_id_image:\"photo\",\r\n    doc_type:\"user\",\r\n    remark:\"\"\r\n  )\r\n  {\r\n    id\r\n    user_id\r\n    first_name_as_id\r\n  }\r\n}",
								"variables": ""
							}
						},
						"url": {
							"raw": "{{HOST_URL}}",
							"host": [
								"{{HOST_URL}}"
							]
						}
					},
					"response": []
				},
				{
					"name": "verifciation doc status",
					"request": {
						"auth": {
							"type": "bearer",
							"bearer": [
								{
									"key": "token",
									"value": "{{ACCESS_TOKEN}}",
									"type": "string"
								}
							]
						},
						"method": "POST",
						"header": [],
						"body": {
							"mode": "graphql",
							"graphql": {
								"query": "query{\r\n  verificationdetail(user_id:4,doc_type:\"driver\"){\r\n    id\r\n    user_id\r\n    first_name_as_id\r\n    last_name_as_id\r\n    photo_id_image\r\n    remark\r\n    status\r\n    \r\n  }\r\n}",
								"variables": ""
							}
						},
						"url": {
							"raw": "{{HOST_URL}}",
							"host": [
								"{{HOST_URL}}"
							]
						}
					},
					"response": []
				},
				{
					"name": "verifciation doc status user",
					"request": {
						"auth": {
							"type": "bearer",
							"bearer": [
								{
									"key": "token",
									"value": "{{ACCESS_TOKEN}}",
									"type": "string"
								}
							]
						},
						"method": "POST",
						"header": [],
						"body": {
							"mode": "graphql",
							"graphql": {
								"query": "query{\r\n  verificationdetail(user_id:1,doc_type:\"user\"){\r\n    id\r\n    user_id\r\n    first_name_as_id\r\n    last_name_as_id\r\n    photo_id_image\r\n    remark\r\n    status\r\n    \r\n  }\r\n}",
								"variables": ""
							}
						},
						"url": {
							"raw": "{{HOST_URL}}",
							"host": [
								"{{HOST_URL}}"
							]
						}
					},
					"response": []
				}
			]
		},
		{
			"name": "Trip",
			"item": [
				{
					"name": "Trip Create",
					"item": [
						{
							"name": "Get Max fare per seat as per distance",
							"request": {
								"auth": {
									"type": "bearer",
									"bearer": [
										{
											"key": "token",
											"value": "{{ACCESS_TOKEN}}",
											"type": "string"
										}
									]
								},
								"method": "POST",
								"header": [],
								"body": {
									"mode": "graphql",
									"graphql": {
										"query": "mutation{\r\n  getmaxpriceforperseat(from_lat:\"43.653226\",\r\n    from_lng:\"-79.3831843\",\r\n    destination_lat:\"43.0895577\",\r\n    destination_lng:\"-79.0849436\"\r\n  ){\r\n    total_distance\r\n    per_km_max_amount\r\n    max_price\r\n    \r\n  }\r\n}",
										"variables": ""
									}
								},
								"url": {
									"raw": "{{HOST_URL}}",
									"host": [
										"{{HOST_URL}}"
									]
								}
							},
							"response": []
						},
						{
							"name": "Create Trip without stop First step",
							"request": {
								"auth": {
									"type": "bearer",
									"bearer": [
										{
											"key": "token",
											"value": "{{ACCESS_TOKEN}}",
											"type": "string"
										}
									]
								},
								"method": "POST",
								"header": [],
								"body": {
									"mode": "graphql",
									"graphql": {
										"query": "mutation{\r\n  createtripstepone(\r\n      driver_id:1,\r\n      from_location:\"office  ride\",\r\n      from_lat:\"26.772091999999997\",\r\n      from_lng:\"75.6789513\",\r\n      destination_address:\"ifc pizza\",\r\n      destination_lat:\"26.8973525\",\r\n      destination_lng:\"75.71287389999999\",\r\n      no_of_seat:2\r\n      ){\r\n    id\r\n    driver_id\r\n  }\r\n}",
										"variables": ""
									}
								},
								"url": {
									"raw": "{{HOST_URL}}",
									"host": [
										"{{HOST_URL}}"
									]
								}
							},
							"response": []
						},
						{
							"name": "Create Trip with Stop First Step",
							"request": {
								"auth": {
									"type": "bearer",
									"bearer": [
										{
											"key": "token",
											"value": "{{ACCESS_TOKEN}}",
											"type": "string"
										}
									]
								},
								"method": "POST",
								"header": [],
								"body": {
									"mode": "graphql",
									"graphql": {
										"query": "mutation{\r\n  createtripstepone(\r\n      driver_id:36,\r\n      from_location:\"Malviya Nagar,Jaipur\",\r\n      from_lat:\"26.8503065\",\r\n      from_lng:\"75.8179064\",\r\n      destination_address:\"New Delhi Railway Station\",\r\n      destination_lat:\"28.6445167\",\r\n      destination_lng:\"77.219345917\",\r\n       no_of_seat:2,\r\n      stop:[{\r\n          destination_address:\"Agra\",\r\n          destination_lat:\"27.165440\",\r\n          destination_lng:\"78.054520\",\r\n          price:250\r\n      },\r\n      {\r\n          destination_address:\"Rewari\",\r\n          destination_lat:\"28.192762\",\r\n          destination_lng:\"76.623940\",\r\n          price:250\r\n      }\r\n      ]\r\n\r\n      ){\r\n    id\r\n    driver_id\r\n  }\r\n}",
										"variables": ""
									}
								},
								"url": {
									"raw": "{{HOST_URL}}",
									"host": [
										"{{HOST_URL}}"
									]
								}
							},
							"response": []
						},
						{
							"name": "Create Trip step 1 with invite reffferce",
							"request": {
								"auth": {
									"type": "bearer",
									"bearer": [
										{
											"key": "token",
											"value": "{{ACCESS_TOKEN}}",
											"type": "string"
										}
									]
								},
								"method": "POST",
								"header": [],
								"body": {
									"mode": "graphql",
									"graphql": {
										"query": "mutation{\r\n  createtripstepone(\r\n      driver_id:3,\r\n      from_location:\"office  ride with invite flow\",\r\n      from_lat:\"26.772091999999997\",\r\n      from_lng:\"75.6789513\",\r\n      destination_address:\"ifc pizza\",\r\n      destination_lat:\"26.8973525\",\r\n      destination_lng:\"75.71287389999999\",\r\n      no_of_seat:2,\r\n      trip_request_id:2\r\n      ){\r\n    id\r\n    driver_id\r\n  }\r\n}",
										"variables": ""
									}
								},
								"url": {
									"raw": "{{HOST_URL}}",
									"host": [
										"{{HOST_URL}}"
									]
								}
							},
							"response": []
						},
						{
							"name": "Create Trip step 2 without recersive",
							"request": {
								"auth": {
									"type": "bearer",
									"bearer": [
										{
											"key": "token",
											"value": "{{ACCESS_TOKEN}}",
											"type": "string"
										}
									]
								},
								"method": "POST",
								"header": [],
								"body": {
									"mode": "graphql",
									"graphql": {
										"query": "mutation{\r\n  createtripstetwo(\r\n      driver_id:1,\r\n      trip_id:16,\r\n      trip_type:\"1\",\r\n      trip_schedule:\"1\",\r\n      departure_date_time:\"2023-02-24 13:30:12\",\r\n      return_date_time:\"2023-03-26 19:30:12\"\r\n      ){\r\n    id\r\n    driver_id\r\n  }\r\n}",
										"variables": ""
									}
								},
								"url": {
									"raw": "{{HOST_URL}}",
									"host": [
										"{{HOST_URL}}"
									]
								}
							},
							"response": []
						},
						{
							"name": "create step 2 with recurisve",
							"request": {
								"auth": {
									"type": "bearer",
									"bearer": [
										{
											"key": "token",
											"value": "{{ACCESS_TOKEN}}",
											"type": "string"
										}
									]
								},
								"method": "POST",
								"header": [],
								"body": {
									"mode": "graphql",
									"graphql": {
										"query": "mutation{\r\n  createtripstetwo(\r\n      driver_id:1,\r\n      trip_id:9,\r\n      trip_type:\"2\",\r\n      trip_schedule:\"1\",\r\n      departure_date_time:\"2022-11-30 19:30:12\",\r\n      return_date_time:\"19:30:12\",\r\n      recurring:[{\r\n          trip_date:\"2022-12-05 19:30:12\"\r\n      },\r\n      {\r\n          trip_date:\"2022-12-07 19:30:12\"\r\n      }]\r\n      ){\r\n    id\r\n    driver_id\r\n  }\r\n}",
										"variables": ""
									}
								},
								"url": {
									"raw": "{{HOST_URL}}",
									"host": [
										"{{HOST_URL}}"
									]
								}
							},
							"response": []
						},
						{
							"name": "Create Trip step 3 & update trip",
							"request": {
								"auth": {
									"type": "bearer",
									"bearer": [
										{
											"key": "token",
											"value": "{{ACCESS_TOKEN}}",
											"type": "string"
										}
									]
								},
								"method": "POST",
								"header": [],
								"body": {
									"mode": "graphql",
									"graphql": {
										"query": "mutation{\r\n  updatetrip(vehicle_id:4,driver_id:1,trip_id:1){\r\n      id\r\n      vehicle_id\r\n     \r\n  }\r\n}",
										"variables": ""
									}
								},
								"url": {
									"raw": "{{HOST_URL}}",
									"host": [
										"{{HOST_URL}}"
									]
								}
							},
							"response": []
						},
						{
							"name": "Create Trip Final Step",
							"request": {
								"auth": {
									"type": "bearer",
									"bearer": [
										{
											"key": "token",
											"value": "{{ACCESS_TOKEN}}",
											"type": "string"
										}
									]
								},
								"method": "POST",
								"header": [],
								"body": {
									"mode": "graphql",
									"graphql": {
										"query": "mutation{\r\n  createtripstepfinal(driver_id:1,\r\n  trip_id:16,\r\n  luggage_type:\"1\",\r\n  back_side_seat_for_two_only:true){\r\n    id\r\n    driver_id\r\n  }\r\n}",
										"variables": ""
									}
								},
								"url": {
									"raw": "{{HOST_URL}}",
									"host": [
										"{{HOST_URL}}"
									]
								}
							},
							"response": []
						}
					]
				},
				{
					"name": "Invitation",
					"item": [
						{
							"name": "Get Invitation List for Customer",
							"request": {
								"auth": {
									"type": "bearer",
									"bearer": [
										{
											"key": "token",
											"value": "{{ACCESS_TOKEN}}",
											"type": "string"
										}
									]
								},
								"method": "POST",
								"header": [],
								"body": {
									"mode": "graphql",
									"graphql": {
										"query": "query{\r\n  getinvitationlist(\r\n    user_id:2\r\n  ){\r\n    list\r\n  }\r\n}",
										"variables": ""
									}
								},
								"url": {
									"raw": "{{HOST_URL}}",
									"host": [
										"{{HOST_URL}}"
									]
								}
							},
							"response": []
						},
						{
							"name": "Get Invitation List for Driver",
							"request": {
								"auth": {
									"type": "bearer",
									"bearer": [
										{
											"key": "token",
											"value": "{{ACCESS_TOKEN}}",
											"type": "string"
										}
									]
								},
								"method": "POST",
								"header": [],
								"body": {
									"mode": "graphql",
									"graphql": {
										"query": "query{\r\n  getinvitationlist(\r\n    driver_id:1\r\n  ){\r\n    list\r\n  }\r\n}",
										"variables": ""
									}
								},
								"url": {
									"raw": "{{HOST_URL}}",
									"host": [
										"{{HOST_URL}}"
									]
								}
							},
							"response": []
						},
						{
							"name": "Trip Invitation By Driver",
							"request": {
								"auth": {
									"type": "bearer",
									"bearer": [
										{
											"key": "token",
											"value": "{{ACCESS_TOKEN}}",
											"type": "string"
										}
									]
								},
								"method": "POST",
								"header": [],
								"body": {
									"mode": "graphql",
									"graphql": {
										"query": "mutation{\r\n  tripinvitaion(\r\n    trip_id:16,\r\n    driver_id:1,\r\n    user_ids:[2]\r\n  \r\n  ){\r\n    statusCode,\r\n    message\r\n  }\r\n}",
										"variables": ""
									}
								},
								"url": {
									"raw": "{{HOST_URL}}",
									"host": [
										"{{HOST_URL}}"
									]
								}
							},
							"response": []
						}
					]
				},
				{
					"name": "Find Trip List",
					"request": {
						"auth": {
							"type": "bearer",
							"bearer": [
								{
									"key": "token",
									"value": "{{ACCESS_TOKEN}}",
									"type": "string"
								}
							]
						},
						"method": "POST",
						"header": [],
						"body": {
							"mode": "graphql",
							"graphql": {
								"query": "query{\r\n  findtriplist(\r\n    user_id:1,\r\n    user_lat:\"43.653226\",\r\n    user_lng:\"-79.3831843\",\r\n    user_destination_lat:\"43.653226\",\r\n    user_destination_lng:\"-79.3831843\",\r\n    user_departure_date_time:\"\",\r\n    no_of_seats:1\r\n  ){\r\n    list\r\n  }\r\n}",
								"variables": ""
							}
						},
						"url": {
							"raw": "{{HOST_URL}}",
							"host": [
								"{{HOST_URL}}"
							]
						}
					},
					"response": []
				},
				{
					"name": "get trip detail",
					"request": {
						"auth": {
							"type": "bearer",
							"bearer": [
								{
									"key": "token",
									"value": "{{ACCESS_TOKEN}}",
									"type": "string"
								}
							]
						},
						"method": "POST",
						"header": [],
						"body": {
							"mode": "graphql",
							"graphql": {
								"query": "query{\r\n  gettripdetail(\r\n   trip_id:1\r\n  ){\r\n    list\r\n    \r\n  }\r\n}",
								"variables": ""
							}
						},
						"url": {
							"raw": "{{HOST_URL}}",
							"host": [
								"{{HOST_URL}}"
							]
						}
					},
					"response": []
				},
				{
					"name": "Request For Booking",
					"request": {
						"auth": {
							"type": "bearer",
							"bearer": [
								{
									"key": "token",
									"value": "{{ACCESS_TOKEN}}",
									"type": "string"
								}
							]
						},
						"method": "POST",
						"header": [],
						"body": {
							"mode": "graphql",
							"graphql": {
								"query": "mutation{\r\n  requestforbooking(\r\n    trip_id:1,\r\n    user_id:2,\r\n    booked_seat:2,\r\n    from_location:\"jaipur\",\r\n    from_lat:\"26.8926976\",\r\n    from_lng:\"75.7792768\",\r\n    destination_address:\"delhi\",\r\n    destination_lat:\"28.527582\",\r\n    destination_lng:\"77.0688969\",\r\n    base_fare:125,\r\n    extra_amount:10,\r\n    total_fare:135,\r\n    stop_id_from:1,\r\n    stop_id_to:2,\r\n    booking_message:\"lets go\",\r\n    coupon_code:\"WELCOME\",\r\n    coupon_id:1,\r\n    discount_amount:2\r\n  ){\r\n    id\r\n  }\r\n}",
								"variables": ""
							}
						},
						"url": {
							"raw": "{{HOST_URL}}",
							"host": [
								"{{HOST_URL}}"
							]
						}
					},
					"response": []
				},
				{
					"name": "Post a Trip Request",
					"request": {
						"auth": {
							"type": "bearer",
							"bearer": [
								{
									"key": "token",
									"value": "{{ACCESS_TOKEN}}",
									"type": "string"
								}
							]
						},
						"method": "POST",
						"header": [],
						"body": {
							"mode": "graphql",
							"graphql": {
								"query": "mutation{\r\n  createrequestfortrip(\r\n    user_id:10,\r\n    from_location:\"jaipur\",\r\n    from_lat:\"26.8926976\",\r\n    from_lng:\"75.7792768\",\r\n    destination_address:\"delhi\",\r\n    destination_lat:\"28.527582\",\r\n    destination_lng:\"77.0688969\",\r\n    no_of_seat:1,\r\n    departure_date_time:\"2022-12-01 19:30:12\"\r\n  ){\r\n    id\r\n  }\r\n}",
								"variables": ""
							}
						},
						"url": {
							"raw": "{{HOST_URL}}",
							"host": [
								"{{HOST_URL}}"
							]
						}
					},
					"response": []
				},
				{
					"name": "Get Request list for the trip For Driver",
					"request": {
						"auth": {
							"type": "bearer",
							"bearer": [
								{
									"key": "token",
									"value": "{{ACCESS_TOKEN}}",
									"type": "string"
								}
							]
						},
						"method": "POST",
						"header": [],
						"body": {
							"mode": "graphql",
							"graphql": {
								"query": "query{\r\n  getrequesttriplist(\r\n    user_lat:\"26.8926976\",\r\n    user_lng:\"75.7792768\",\r\n    user_destination_lat:\"28.527582\",\r\n    user_destination_lng:\"77.0688969\",\r\n    user_departure_date_time:\"2022-12-11 11:00:00\"\r\n  ){\r\n    list\r\n    \r\n  }\r\n}",
								"variables": ""
							}
						},
						"url": {
							"raw": "{{HOST_URL}}",
							"host": [
								"{{HOST_URL}}"
							]
						}
					},
					"response": []
				},
				{
					"name": "Cancel Trip By Driver",
					"request": {
						"auth": {
							"type": "bearer",
							"bearer": [
								{
									"key": "token",
									"value": "{{ACCESS_TOKEN}}",
									"type": "string"
								}
							]
						},
						"method": "POST",
						"header": [],
						"body": {
							"mode": "graphql",
							"graphql": {
								"query": "mutation{\r\n  canceltrip(driver_id:1,trip_id:1){\r\n    id\r\n  }\r\n}",
								"variables": ""
							}
						},
						"url": {
							"raw": "{{HOST_URL}}",
							"host": [
								"{{HOST_URL}}"
							]
						}
					},
					"response": []
				},
				{
					"name": "Cancel Booking By user",
					"request": {
						"auth": {
							"type": "bearer",
							"bearer": [
								{
									"key": "token",
									"value": "{{ACCESS_TOKEN}}",
									"type": "string"
								}
							]
						},
						"method": "POST",
						"header": [],
						"body": {
							"mode": "graphql",
							"graphql": {
								"query": "mutation{\r\n  cancelbooking(user_id:4,booking_id:10){\r\n    id\r\n    booking_status\r\n  }\r\n}",
								"variables": ""
							}
						},
						"url": {
							"raw": "{{HOST_URL}}",
							"host": [
								"{{HOST_URL}}"
							]
						}
					},
					"response": []
				},
				{
					"name": "Payment Pre Authorization",
					"request": {
						"auth": {
							"type": "bearer",
							"bearer": [
								{
									"key": "token",
									"value": "{{ACCESS_TOKEN}}",
									"type": "string"
								}
							]
						},
						"method": "POST",
						"header": [],
						"body": {
							"mode": "graphql",
							"graphql": {
								"query": "mutation{\r\n  paymentpre(\r\n    booking_id:2,\r\n    card:\"5454545454545454\",\r\n    expiry_date:\"2310\",\r\n    amount:1.0,\r\n\r\n  ){\r\n    statusCode,\r\n    message\r\n  }\r\n}",
								"variables": ""
							}
						},
						"url": {
							"raw": "{{HOST_URL}}",
							"host": [
								"{{HOST_URL}}"
							]
						}
					},
					"response": []
				},
				{
					"name": "Pre Auth Complete",
					"request": {
						"auth": {
							"type": "bearer",
							"bearer": [
								{
									"key": "token",
									"value": "{{ACCESS_TOKEN}}",
									"type": "string"
								}
							]
						},
						"method": "POST",
						"header": [],
						"body": {
							"mode": "graphql",
							"graphql": {
								"query": "mutation{\r\n  paymentpreauth(\r\n    booking_id:2,\r\n  \r\n  ){\r\n    statusCode,\r\n    message\r\n  }\r\n}",
								"variables": ""
							}
						},
						"url": {
							"raw": "{{HOST_URL}}",
							"host": [
								"{{HOST_URL}}"
							]
						}
					},
					"response": []
				},
				{
					"name": "Accept Trip Booking Request By Driver",
					"request": {
						"auth": {
							"type": "bearer",
							"bearer": [
								{
									"key": "token",
									"value": "{{ACCESS_TOKEN}}",
									"type": "string"
								}
							]
						},
						"method": "POST",
						"header": [],
						"body": {
							"mode": "graphql",
							"graphql": {
								"query": "mutation{\r\n  accepttriprequest(\r\n    driver_id:\"1\",\r\n    booking_id:\"12\"\r\n  ){\r\n    list\r\n  }\r\n}",
								"variables": ""
							}
						},
						"url": {
							"raw": "{{HOST_URL}}",
							"host": [
								"{{HOST_URL}}"
							]
						}
					},
					"response": []
				},
				{
					"name": "Cancel Trip Booking Request By Driver Copy",
					"request": {
						"auth": {
							"type": "bearer",
							"bearer": [
								{
									"key": "token",
									"value": "{{ACCESS_TOKEN}}",
									"type": "string"
								}
							]
						},
						"method": "POST",
						"header": [],
						"body": {
							"mode": "graphql",
							"graphql": {
								"query": "mutation{\r\n  canceltriprequest(\r\n    driver_id:\"1\",\r\n    booking_id:\"2\",\r\n    remark:\"nOt working\"\r\n  ){\r\n    list\r\n  }\r\n}",
								"variables": ""
							}
						},
						"url": {
							"raw": "{{HOST_URL}}",
							"host": [
								"{{HOST_URL}}"
							]
						}
					},
					"response": []
				},
				{
					"name": "update trip",
					"request": {
						"auth": {
							"type": "bearer",
							"bearer": [
								{
									"key": "token",
									"value": "{{ACCESS_TOKEN}}",
									"type": "string"
								}
							]
						},
						"method": "POST",
						"header": [],
						"body": {
							"mode": "graphql",
							"graphql": {
								"query": "mutation{\r\n  updatetrip(trip_id:1,no_of_seat:4,driver_id:1,drinking_allow:false,back_side_seat_for_two_only:true){\r\n  id \r\n    no_of_seat\r\n    \r\n  }\r\n}",
								"variables": ""
							}
						},
						"url": {
							"raw": "{{HOST_URL}}",
							"host": [
								"{{HOST_URL}}"
							]
						}
					},
					"response": []
				},
				{
					"name": "Apply Promo Code",
					"request": {
						"auth": {
							"type": "bearer",
							"bearer": [
								{
									"key": "token",
									"value": "{{ACCESS_TOKEN}}",
									"type": "string"
								}
							]
						},
						"method": "POST",
						"header": [],
						"body": {
							"mode": "graphql",
							"graphql": {
								"query": "mutation{\r\n  applypromo(user_id:1,cart_amount:12,coupon_code:\"WELCOME\"){\r\n    statusCode\r\n    coupon_id\r\n    discount_amount\r\n    message\r\n  }\r\n}",
								"variables": ""
							}
						},
						"url": {
							"raw": "{{HOST_URL}}",
							"host": [
								"{{HOST_URL}}"
							]
						}
					},
					"response": []
				},
				{
					"name": "Apply Promo Code",
					"request": {
						"auth": {
							"type": "bearer",
							"bearer": [
								{
									"key": "token",
									"value": "{{ACCESS_TOKEN}}",
									"type": "string"
								}
							]
						},
						"method": "POST",
						"header": [],
						"body": {
							"mode": "graphql",
							"graphql": {
								"query": "mutation{\r\n  applypromo(user_id:1,cart_amount:12,coupon_code:\"WELCOME\"){\r\n    statusCode\r\n    coupon_id\r\n    discount_amount\r\n    message\r\n  }\r\n}",
								"variables": ""
							}
						},
						"url": {
							"raw": "{{HOST_URL}}",
							"host": [
								"{{HOST_URL}}"
							]
						}
					},
					"response": []
				}
			]
		},
		{
			"name": "Vehicle Master",
			"item": [
				{
					"name": "Add Vehicle",
					"request": {
						"auth": {
							"type": "bearer",
							"bearer": [
								{
									"key": "token",
									"value": "{{ACCESS_TOKEN}}",
									"type": "string"
								}
							]
						},
						"method": "POST",
						"header": [],
						"body": {
							"mode": "graphql",
							"graphql": {
								"query": "mutation\r\n{\r\n  addvehicle(driver_id:1,model:\"Tata nexon\"\r\n    ,vehicle_type:\"Hackback\",photo:\"\",\r\n    color:\"black\",\r\n    model_year:\"2022\",luggage_status:\"No luaggue\",\r\n    backrow_seating_status:\"3 people\",\r\n    others:\"pets,bikes\",\r\n    registration_number:\"RJ222\",\r\n    total_seat:5,\r\n \r\n  ){\r\n    id \r\n  }\r\n}",
								"variables": ""
							}
						},
						"url": {
							"raw": "{{HOST_URL}}",
							"host": [
								"{{HOST_URL}}"
							]
						}
					},
					"response": []
				},
				{
					"name": "List Vehicle",
					"request": {
						"auth": {
							"type": "bearer",
							"bearer": [
								{
									"key": "token",
									"value": "{{ACCESS_TOKEN}}",
									"type": "string"
								}
							]
						},
						"method": "POST",
						"header": [],
						"body": {
							"mode": "graphql",
							"graphql": {
								"query": "query{\r\n  vehiclelist(driver_id:1){\r\n    id \r\n    model\r\n    model_year\r\n  }\r\n}",
								"variables": ""
							}
						},
						"url": {
							"raw": "{{HOST_URL}}",
							"host": [
								"{{HOST_URL}}"
							]
						}
					},
					"response": []
				},
				{
					"name": "update vehicle data",
					"request": {
						"auth": {
							"type": "bearer",
							"bearer": [
								{
									"key": "token",
									"value": "{{ACCESS_TOKEN}}",
									"type": "string"
								}
							]
						},
						"method": "POST",
						"header": [],
						"body": {
							"mode": "graphql",
							"graphql": {
								"query": "mutation{\r\n  updatevehicle(vehicle_id:2,driver_id:1,model:\"New tata nexon\",status:true){\r\n    id\r\n    model\r\n    status\r\n  }\r\n}",
								"variables": ""
							}
						},
						"url": {
							"raw": "{{HOST_URL}}",
							"host": [
								"{{HOST_URL}}"
							]
						}
					},
					"response": []
				}
			]
		},
		{
			"name": "Trip History For Driver",
			"item": [
				{
					"name": "Get Trip Detail For History",
					"request": {
						"auth": {
							"type": "bearer",
							"bearer": [
								{
									"key": "token",
									"value": "{{ACCESS_TOKEN}}",
									"type": "string"
								}
							]
						},
						"method": "POST",
						"header": [],
						"body": {
							"mode": "graphql",
							"graphql": {
								"query": "query{\r\n  gettripdetailforhistory(\r\n    user_id:\"1\",\r\n    trip_id:\"1\"\r\n  ){\r\n    list\r\n  }\r\n}",
								"variables": ""
							}
						},
						"url": {
							"raw": "{{HOST_URL}}",
							"host": [
								"{{HOST_URL}}"
							]
						}
					},
					"response": []
				},
				{
					"name": "Trip History For Driver",
					"request": {
						"auth": {
							"type": "bearer",
							"bearer": [
								{
									"key": "token",
									"value": "{{ACCESS_TOKEN}}",
									"type": "string"
								}
							]
						},
						"method": "POST",
						"header": [],
						"body": {
							"mode": "graphql",
							"graphql": {
								"query": "query{\r\n  gettriphistoryfordriver(\r\n    user_id:\"1\",\r\n    status:\"1\"\r\n  ){\r\n    list\r\n  }\r\n}",
								"variables": ""
							}
						},
						"url": {
							"raw": "{{HOST_URL}}",
							"host": [
								"{{HOST_URL}}"
							]
						}
					},
					"response": []
				}
			]
		},
		{
			"name": "Booking History For User",
			"item": [
				{
					"name": "Get Booking History For User",
					"request": {
						"auth": {
							"type": "bearer",
							"bearer": [
								{
									"key": "token",
									"value": "{{ACCESS_TOKEN}}",
									"type": "string"
								}
							]
						},
						"method": "POST",
						"header": [],
						"body": {
							"mode": "graphql",
							"graphql": {
								"query": "query{\r\n  getbookinghistoryforuser(\r\n    user_id:\"2\",\r\n    status:\"1\"\r\n  ){\r\n    list\r\n  }\r\n}",
								"variables": ""
							}
						},
						"url": {
							"raw": "{{HOST_URL}}",
							"host": [
								"{{HOST_URL}}"
							]
						}
					},
					"response": []
				},
				{
					"name": "Get Booking Detail For History",
					"request": {
						"auth": {
							"type": "bearer",
							"bearer": [
								{
									"key": "token",
									"value": "{{ACCESS_TOKEN}}",
									"type": "string"
								}
							]
						},
						"method": "POST",
						"header": [],
						"body": {
							"mode": "graphql",
							"graphql": {
								"query": "query{\r\n  getbookingdetailforhistory(\r\n    user_id:\"5\",\r\n    booking_id:\"4\"\r\n  ){\r\n    list\r\n  }\r\n}",
								"variables": ""
							}
						},
						"url": {
							"raw": "{{HOST_URL}}",
							"host": [
								"{{HOST_URL}}"
							]
						}
					},
					"response": []
				}
			]
		},
		{
			"name": "Test",
			"item": [
				{
					"name": "Send sms",
					"request": {
						"auth": {
							"type": "bearer",
							"bearer": [
								{
									"key": "token",
									"value": "{{ACCESS_TOKEN}}",
									"type": "string"
								}
							]
						},
						"method": "POST",
						"header": [],
						"body": {
							"mode": "graphql",
							"graphql": {
								"query": "query{\r\n  testsms(mobile_number:\"+919001025477\",message:\"Hello\"){\r\n    statusCode\r\n    message\r\n  }\r\n}",
								"variables": ""
							}
						},
						"url": {
							"raw": "{{HOST_URL}}",
							"host": [
								"{{HOST_URL}}"
							]
						}
					},
					"response": []
				}
			]
		},
		{
			"name": "Helpqna",
			"item": [
				{
					"name": "Help Qna",
					"request": {
						"method": "POST",
						"header": [],
						"body": {
							"mode": "graphql",
							"graphql": {
								"query": "query{\r\n  helpMenu{\r\n    id\r\n    title\r\n    short_desc\r\n    icon\r\n    slug\r\n    qna{\r\n      id\r\n      parent_id\r\n      question\r\n      answer\r\n      clikable_slug\r\n    }\r\n    statusCode\r\n    message\r\n  }\r\n}",
								"variables": ""
							}
						},
						"url": {
							"raw": "{{HOST_URL}}",
							"host": [
								"{{HOST_URL}}"
							]
						}
					},
					"response": []
				}
			]
		},
		{
			"name": "Auth",
			"item": [
				{
					"name": "Social Login",
					"request": {
						"auth": {
							"type": "bearer",
							"bearer": [
								{
									"key": "token",
									"value": "{{ACCESS_TOKEN}}",
									"type": "string"
								}
							]
						},
						"method": "POST",
						"header": [],
						"body": {
							"mode": "graphql",
							"graphql": {
								"query": "mutation{\r\n  socialogin(\r\n    social_id:\"123456\",\r\n    first_name:\"raj\",\r\n    last_name:\"sharma\",\r\n   social_plateform:\"fb\",\r\n    profile_pic:\"\",\r\n    notification_id:\"\"\r\n  ){\r\n    id\r\n    first_name\r\n    token\r\n  }\r\n}",
								"variables": ""
							}
						},
						"url": {
							"raw": "{{HOST_URL}}",
							"host": [
								"{{HOST_URL}}"
							]
						}
					},
					"response": []
				},
				{
					"name": "update notification setting",
					"request": {
						"auth": {
							"type": "bearer",
							"bearer": [
								{
									"key": "token",
									"value": "{{ACCESS_TOKEN}}",
									"type": "string"
								}
							]
						},
						"method": "POST",
						"header": [],
						"body": {
							"mode": "graphql",
							"graphql": {
								"query": "mutation{\r\n  updateuser(push_notification:true,sms_notification:false,email_notification:true,marketing_push_notification:false,auto_requests_notifications:true){\r\n      id\r\n      dob\r\n      gender\r\n      about\r\n      marketing_push_notification\r\n      \r\n  }\r\n}",
								"variables": ""
							}
						},
						"url": {
							"raw": "{{HOST_URL}}",
							"host": [
								"{{HOST_URL}}"
							]
						}
					},
					"response": []
				},
				{
					"name": "login with mobile",
					"request": {
						"method": "POST",
						"header": [],
						"body": {
							"mode": "graphql",
							"graphql": {
								"query": "mutation{\r\n  login(mobile:\"9001025477\"){\r\n    id\r\n    token\r\n    first_name\r\n  }\r\n}",
								"variables": ""
							}
						},
						"url": {
							"raw": "{{HOST_URL}}",
							"host": [
								"{{HOST_URL}}"
							]
						}
					},
					"response": []
				},
				{
					"name": "User profile get",
					"request": {
						"auth": {
							"type": "bearer",
							"bearer": [
								{
									"key": "token",
									"value": "{{ACCESS_TOKEN}}",
									"type": "string"
								}
							]
						},
						"method": "POST",
						"header": [],
						"body": {
							"mode": "graphql",
							"graphql": {
								"query": "query{\r\n  user(user_id:1){\r\n    id\r\n    push_notification\r\n    first_name\r\n    last_name\r\n    auto_requests_notifications\r\n  }\r\n}",
								"variables": ""
							}
						},
						"url": {
							"raw": "{{HOST_URL}}",
							"host": [
								"{{HOST_URL}}"
							]
						}
					},
					"response": []
				},
				{
					"name": "update user",
					"request": {
						"auth": {
							"type": "bearer",
							"bearer": [
								{
									"key": "token",
									"value": "{{ACCESS_TOKEN}}",
									"type": "string"
								}
							]
						},
						"method": "POST",
						"header": [],
						"body": {
							"mode": "graphql",
							"graphql": {
								"query": "mutation\r\n{\r\n  updateuser(push_notification:true,auto_requests_notifications:false){\r\n    id\r\n    push_notification\r\n    auto_requests_notifications\r\n    \r\n  }\r\n}",
								"variables": ""
							}
						},
						"url": {
							"raw": "{{HOST_URL}}",
							"host": [
								"{{HOST_URL}}"
							]
						}
					},
					"response": []
				},
				{
					"name": "Send Email Verification",
					"request": {
						"auth": {
							"type": "bearer",
							"bearer": [
								{
									"key": "token",
									"value": "{{ACCESS_TOKEN}}",
									"type": "string"
								}
							]
						},
						"method": "POST",
						"header": [],
						"body": {
							"mode": "graphql",
							"graphql": {
								"query": "mutation{\r\n  sendemailverificationmail(user_id:1,email:\"mayank@gmail.com\"){\r\n    statusCode\r\n    message\r\n    \r\n  }\r\n}",
								"variables": ""
							}
						},
						"url": {
							"raw": "{{HOST_URL}}",
							"host": [
								"{{HOST_URL}}"
							]
						}
					},
					"response": []
				},
				{
					"name": "Email Veriify ",
					"request": {
						"method": "POST",
						"header": [],
						"body": {
							"mode": "graphql",
							"graphql": {
								"query": "mutation{\r\n  verifyemailtoken(user_id:1,email_verification_token:\"67861\")\r\n}",
								"variables": ""
							}
						},
						"url": {
							"raw": "{{HOST_URL}}",
							"host": [
								"{{HOST_URL}}"
							]
						}
					},
					"response": []
				}
			]
		},
		{
			"name": "Coupon",
			"item": [
				{
					"name": "Create coupon code",
					"request": {
						"auth": {
							"type": "bearer",
							"bearer": [
								{
									"key": "token",
									"value": "{{AUTH_TOKEN}}",
									"type": "string"
								}
							]
						},
						"method": "POST",
						"header": [],
						"body": {
							"mode": "raw",
							"raw": "{\r\n   \"coupon_label\":\"My Coupon\",\r\n   \"coupon_code\":\"WELCOME\",\r\n   \"coupon_method\":1,\r\n   \"coupon_count\":50,\r\n   \"uses_per_customer\":5,\r\n   \"uses_per_coupon\":1,\r\n   \"assign_to\":\"all\",\r\n   \"min_amount\":0,\r\n   \"max_amount\":100,\r\n   \"amount\":\"4\",\r\n   \"coupon_type\":\"fixed\",\r\n   \"visibility\":\"public\",\r\n   \"description\":\"test\",\r\n     \"start_date\":\"2023-05-31T16:00:00Z\",\r\n    \"end_date\":\"2023-06-30T16:00:00Z\",\r\n   \"assigned_user_id\":[\r\n      \r\n   ],\r\n   \"creater_id\":\"5fe70f1fe8b55c0004abffae\",\r\n   \"created_by\":\"admin\"\r\n}",
							"options": {
								"raw": {
									"language": "json"
								}
							}
						},
						"url": {
							"raw": "{{HOST_URL}}/coupon/addcoupon",
							"host": [
								"{{HOST_URL}}"
							],
							"path": [
								"coupon",
								"addcoupon"
							]
						},
						"description": "visibility - public  or private\r\ncoupon_type- fixed or percentage\r\ncoupon_method - 1 for fix coupon , 2 for random ,\r\nassing_to- all or specific user id \r\ncreated_by - admin or seller \r\n"
					},
					"response": []
				},
				{
					"name": "Coupon List",
					"request": {
						"auth": {
							"type": "bearer",
							"bearer": [
								{
									"key": "token",
									"value": "{{AUTH_TOKEN}}",
									"type": "string"
								}
							]
						},
						"method": "POST",
						"header": [],
						"url": {
							"raw": "{{HOST_URL}}/coupon/couponlist",
							"host": [
								"{{HOST_URL}}"
							],
							"path": [
								"coupon",
								"couponlist"
							]
						}
					},
					"response": []
				},
				{
					"name": "Get coupon by id",
					"request": {
						"auth": {
							"type": "bearer",
							"bearer": [
								{
									"key": "token",
									"value": "{{AUTH_TOKEN}}",
									"type": "string"
								}
							]
						},
						"method": "GET",
						"header": [],
						"url": {
							"raw": "{{HOST_URL}}/coupon/5fe56fd37609f22a784d11cf",
							"host": [
								"{{HOST_URL}}"
							],
							"path": [
								"coupon",
								"5fe56fd37609f22a784d11cf"
							]
						}
					},
					"response": []
				},
				{
					"name": "Update coupon code",
					"request": {
						"auth": {
							"type": "bearer",
							"bearer": [
								{
									"key": "token",
									"value": "{{AUTH_TOKEN}}",
									"type": "string"
								}
							]
						},
						"method": "PUT",
						"header": [],
						"body": {
							"mode": "raw",
							"raw": "{\"coupon_label\":\"Summer\",\"coupon_code\":\"SUMMER21\",\"coupon_method\":1,\"coupon_count\":5,\"uses_per_customer\":13,\"uses_per_coupon\":1,\"assign_to\":\"all\",\"min_amount\":100,\"max_amount\":5000,\"amount\":100,\"coupon_type\":\"fixed\",\"visibility\":\"public\",\"description\":\"Summer coupon\",\"start_date\":\"27/03/2021\",\"end_date\":\"27/04/2021\",\"assigned_user_id\":[],\"creater_id\":\"601777d430977d24bcc78e7d\",\"created_by\":\"admin\"}",
							"options": {
								"raw": {
									"language": "json"
								}
							}
						},
						"url": {
							"raw": "{{HOST_URL}}/coupon/605f49f23096e916697f0808",
							"host": [
								"{{HOST_URL}}"
							],
							"path": [
								"coupon",
								"605f49f23096e916697f0808"
							]
						}
					},
					"response": []
				},
				{
					"name": "Assing user for coupon",
					"request": {
						"auth": {
							"type": "bearer",
							"bearer": [
								{
									"key": "token",
									"value": "{{AUTH_TOKEN}}",
									"type": "string"
								}
							]
						},
						"method": "POST",
						"header": [],
						"body": {
							"mode": "raw",
							"raw": "{\r\n    \"coupon_id\":\"5fe56fd37609f22a784d11cf\",\r\n    \"assign_user_id\":\"5fdc74947fc8390004d26b32\"\r\n}",
							"options": {
								"raw": {
									"language": "json"
								}
							}
						},
						"url": {
							"raw": "{{HOST_URL}}/coupon/assignuser",
							"host": [
								"{{HOST_URL}}"
							],
							"path": [
								"coupon",
								"assignuser"
							]
						}
					},
					"response": []
				},
				{
					"name": "Remove user from coupon ",
					"request": {
						"auth": {
							"type": "bearer",
							"bearer": [
								{
									"key": "token",
									"value": "{{AUTH_TOKEN}}",
									"type": "string"
								}
							]
						},
						"method": "POST",
						"header": [],
						"body": {
							"mode": "raw",
							"raw": "{\r\n    \"coupon_id\":\"5fe56fd37609f22a784d11cf\",\r\n    \"assign_user_id\":\"5fdc74947fc8390004d26b32\"\r\n}",
							"options": {
								"raw": {
									"language": "json"
								}
							}
						},
						"url": {
							"raw": "{{HOST_URL}}/coupon/removeuser",
							"host": [
								"{{HOST_URL}}"
							],
							"path": [
								"coupon",
								"removeuser"
							]
						}
					},
					"response": []
				}
			]
		},
		{
			"name": "Chat",
			"item": [
				{
					"name": "get chat list",
					"request": {
						"auth": {
							"type": "bearer",
							"bearer": [
								{
									"key": "token",
									"value": "{{ACCESS_TOKEN}}",
									"type": "string"
								}
							]
						},
						"method": "POST",
						"header": [],
						"body": {
							"mode": "graphql",
							"graphql": {
								"query": "query{\r\n  getchatlist(user_id:1){\r\n    list\r\n    statusCode\r\n    message\r\n  }\r\n}",
								"variables": ""
							}
						},
						"url": {
							"raw": "{{HOST_URL}}",
							"host": [
								"{{HOST_URL}}"
							]
						}
					},
					"response": []
				}
			]
		}
	]
}